Datetime,Water Level (m)
2025-11-11 18:00:00,-0.4573474
2025-11-11 19:00:00,-0.56671196
2025-11-11 20:00:00,-0.60880995
2025-11-11 21:00:00,-0.33058304
2025-11-11 22:00:00,0.092655
2025-11-11 23:00:00,0.4666783
2025-11-12 00:00:00,0.85886127
2025-11-12 01:00:00,1.0159659
2025-11-12 02:00:00,0.93827945
2025-11-12 03:00:00,0.67012507
2025-11-12 04:00:00,0.30304173
2025-11-12 05:00:00,-0.009068615
2025-11-12 06:00:00,-0.24102116
2025-11-12 07:00:00,-0.40586075
2025-11-12 08:00:00,-0.56828904
2025-11-12 09:00:00,-0.69686747
2025-11-12 10:00:00,-0.5739692
2025-11-12 11:00:00,-0.145605
2025-11-12 12:00:00,0.21991298
2025-11-12 13:00:00,0.5500175
2025-11-12 14:00:00,0.74252576
2025-11-12 15:00:00,0.69222313
2025-11-12 16:00:00,0.49264267
2025-11-12 17:00:00,0.20343804
2025-11-12 18:00:00,-0.069478154
2025-11-12 19:00:00,-0.2725169
2025-11-12 20:00:00,-0.4116515
2025-11-12 21:00:00,-0.5257677
2025-11-12 22:00:00,-0.45642945
2025-11-12 23:00:00,-0.04416428
2025-11-13 00:00:00,0.3457372
2025-11-13 01:00:00,0.67694396
2025-11-13 02:00:00,0.8672316
2025-11-13 03:00:00,0.8292894
2025-11-13 04:00:00,0.6588639
2025-11-13 05:00:00,0.37970513
2025-11-13 06:00:00,0.071058676
2025-11-13 07:00:00,-0.17316148
2025-11-13 08:00:00,-0.34617558
2025-11-13 09:00:00,-0.51043004
2025-11-13 10:00:00,-0.65440285
2025-11-13 11:00:00,-0.6755451
2025-11-13 12:00:00,-0.26373357
2025-11-13 13:00:00,0.1745491
2025-11-13 14:00:00,0.49797606
2025-11-13 15:00:00,0.7839274
2025-11-13 16:00:00,0.78557086
2025-11-13 17:00:00,0.62111497
2025-11-13 18:00:00,0.3414438
2025-11-13 19:00:00,0.059501786
2025-11-13 20:00:00,-0.16651225
2025-11-13 21:00:00,-0.3236408
2025-11-13 22:00:00,-0.45362765
2025-11-13 23:00:00,-0.5239916
2025-11-14 00:00:00,-0.2917737
2025-11-14 01:00:00,0.12421276
2025-11-14 02:00:00,0.46538034
2025-11-14 03:00:00,0.7716875
2025-11-14 04:00:00,0.84030545
2025-11-14 05:00:00,0.7166876
2025-11-14 06:00:00,0.44407892
2025-11-14 07:00:00,0.12703827
2025-11-14 08:00:00,-0.13338515
2025-11-14 09:00:00,-0.32909045
2025-11-14 10:00:00,-0.48128834
2025-11-14 11:00:00,-0.6271252
2025-11-14 12:00:00,-0.6632086
2025-11-14 13:00:00,-0.23920463
2025-11-14 14:00:00,0.22079551
2025-11-14 15:00:00,0.5553635
2025-11-14 16:00:00,0.87940913
2025-11-14 17:00:00,0.91104066
2025-11-14 18:00:00,0.76193666
2025-11-14 19:00:00,0.46623793
2025-11-14 20:00:00,0.15117803
2025-11-14 21:00:00,-0.10393788
2025-11-14 22:00:00,-0.2834799
2025-11-14 23:00:00,-0.4277995
2025-11-15 00:00:00,-0.5472362
2025-11-15 01:00:00,-0.40039787
2025-11-15 02:00:00,0.06830342
2025-11-15 03:00:00,0.43430522
2025-11-15 04:00:00,0.7685864
2025-11-15 05:00:00,0.8641214
2025-11-15 06:00:00,0.71779853
2025-11-15 07:00:00,0.42107257
2025-11-15 08:00:00,0.09958756
2025-11-15 09:00:00,-0.15824753
2025-11-15 10:00:00,-0.35141286
2025-11-15 11:00:00,-0.5063863
2025-11-15 12:00:00,-0.6484773
2025-11-15 13:00:00,-0.6591832
2025-11-15 14:00:00,-0.12954819
2025-11-15 15:00:00,0.3492458
2025-11-15 16:00:00,0.724917
2025-11-15 17:00:00,1.0503346
2025-11-15 18:00:00,1.0402696
2025-11-15 19:00:00,0.82474786
2025-11-15 20:00:00,0.46844313
2025-11-15 21:00:00,0.13124213
2025-11-15 22:00:00,-0.12370478
2025-11-15 23:00:00,-0.3021247
2025-11-16 00:00:00,-0.46103433
2025-11-16 01:00:00,-0.5913558
2025-11-16 02:00:00,-0.41263494
2025-11-16 03:00:00,0.10405277
2025-11-16 04:00:00,0.48743808
2025-11-16 05:00:00,0.8481593
2025-11-16 06:00:00,0.92407244
2025-11-16 07:00:00,0.72482264
2025-11-16 08:00:00,0.37323233
2025-11-16 09:00:00,0.043819837
2025-11-16 10:00:00,-0.20916325
2025-11-16 11:00:00,-0.38824934
2025-11-16 12:00:00,-0.5472157
2025-11-16 13:00:00,-0.6797036
2025-11-16 14:00:00,-0.5155018
2025-11-16 15:00:00,0.09403886
2025-11-16 16:00:00,0.5365266
2025-11-16 17:00:00,0.9802282
2025-11-16 18:00:00,1.192163
2025-11-16 19:00:00,1.1026936
2025-11-16 20:00:00,0.80364186
2025-11-16 21:00:00,0.40964392
2025-11-16 22:00:00,0.072509475
2025-11-16 23:00:00,-0.17067513
2025-11-17 00:00:00,-0.33890116
2025-11-17 01:00:00,-0.5077526
2025-11-17 02:00:00,-0.6279951
2025-11-17 03:00:00,-0.24375762
2025-11-17 04:00:00,0.2790105
2025-11-17 05:00:00,0.6347381
2025-11-17 06:00:00,0.9709008
2025-11-17 07:00:00,0.91386205
2025-11-17 08:00:00,0.62110525
2025-11-17 09:00:00,0.23702413
2025-11-17 10:00:00,-0.053748444
2025-11-17 11:00:00,-0.2873292
2025-11-17 12:00:00,-0.44925094
2025-11-17 13:00:00,-0.6098814
2025-11-17 14:00:00,-0.71466607
2025-11-17 15:00:00,-0.23522289
2025-11-17 16:00:00,0.35837057
2025-11-17 17:00:00,0.76653934
2025-11-17 18:00:00,1.2343868
